{
    "franka": [
        {
            "init_state": {

                "block_red": {
                    "pos": [0.25, -0.005, 0.2],
                    "rot": [1 ,0, 0, 0]
                },
                "block_black": {
                    "pos": [0.25, 0, 0.0],
                    "rot": [1 ,0, 0, 0]
                },
                "franka": {
                    "pos": [-0.2677, -0.0053, 0.0001],
                    "rot": [9.9961e-01, 2.2156e-04, 2.8197e-03, -6.1979e-03],
                    "dof_pos": {
                        "panda_joint1": -9.840916048755086e-21,
                        "panda_joint2": 1e-20,
                        "panda_joint3": 2.952468685082593e-20,
                        "panda_joint4": -2.0,
                        "panda_joint5": 2.6098713568268343e-21,
                        "panda_joint6": 3.0,
                        "panda_joint7": -1.3980877693592503e-23,
                        "panda_finger_joint1": 0.03999999910593033,
                        "panda_finger_joint2": 0.03999999910593033
                    }
                }
            },
            "actions": [],
            "states": [],
            "extra": null
        }
    ]
}
